ID IMDB;NOM;ANNEE;RATING;URL;LIEU TOURNAGE;GENRES;LANGUE;RESUME;PAYS;
tt6791350;Les Gardiens de la Galaxie Vol. 3;2023;7.9;/title/tt6791350/?ref_=nm_flmg_t_1_act; USA, Georgia,Atlanta;Action,Adventure,Comedy;English;Still reeling from the loss of Gamora, Peter Quill rallies his team to defend the universe and one of their own - a mission that could mean the end of the Guardians if not successful.;United States
tt6718170;Super Mario Bros. le film;2023;7.1;/title/tt6718170/?ref_=nm_flmg_t_2_act; France,Paris,;Animation,Adventure,Comedy;English;A plumber named Mario travels through an underground labyrinth with his brother Luigi, trying to save a captured princess.;United States
tt13623136;Les Gardiens de la galaxie : Joyeuses fêtes;2022;6.9;/title/tt13623136/?ref_=nm_flmg_t_3_act; USA, California,Hollywood  Los Angeles;Action,Adventure,Comedy;English;Star-Lord, Drax, Rocket, Mantis, and Groot engage in some spirited shenanigans in an all-new original special created for Disney+.;United States
tt11743610;La liste finale;2022;7.9;/title/tt11743610/?ref_=nm_flmg_t_4_act; USA, California,Santa Clarita;Action,Drama,Thriller;English;A former Navy SEAL officer investigates why his entire platoon was ambushed during a high-stakes covert mission.;United States
tt10648342;Thor: Love and Thunder;2022;6.2;/title/tt10648342/?ref_=nm_flmg_t_5_act; Australia, New South Wales,Little Bay  Sydney;Action,Adventure,Comedy;English;Thor enlists the help of Valkyrie, Korg and ex-girlfriend Jane Foster to fight Gorr the God Butcher, who intends to make the gods extinct.;Australia
tt21860316;Guardians of the Galaxy: Cosmic Rewind;2022;8.2;/title/tt21860316/?ref_=nm_flmg_t_6_act;;Short,Action,Adventure;English;Take off on an intergalactic chase through space and time with the Guardians of the Galaxy.;United States
tt8041270;Jurassic World: Le monde d'après;2022;5.6;/title/tt8041270/?ref_=nm_flmg_t_7_act; Malta,Valletta,;Action,Adventure,Sci-Fi;English;Four years after the destruction of Isla Nublar, Biosyn operatives attempt to track down Maisie Lockwood, while Dr Ellie Sattler investigates a genetically engineered swarm of giant insects.;United States
tt9777666;The Tomorrow War;2021;6.6;/title/tt9777666/?ref_=nm_flmg_t_8_act;;Action,Adventure,Drama;English;A family man is drafted to fight in a future war where the fate of humanity relies on his ability to confront the past.;United States
tt13976074;Onward: Magic Gems;2020;7.2;/title/tt13976074/?ref_=nm_flmg_t_9_act; USA, California,Walt Disney Feature Animation - 500 S. Buena Vista Street  Burbank;Animation,Short,Comedy;English;;United States
tt7146812;En avant;2020;7.4;/title/tt7146812/?ref_=nm_flmg_t_10_act; USA, California,Los Angeles;Animation,Action,Adventure;English;In a magical world full of technological advances, elven brothers Ian and Barley Lightfoot set out on an adventure to resurrect their late father for a day.;United States
tt11570434;Jurassic World: The Ride;2019;6.7;/title/tt11570434/?ref_=nm_flmg_t_11_act;;Short,Action;English;Jurassic World Park Operations Manager Claire Dearing prepares upcoming riders to ride a new rollercoaster in the Raptor paddock while Raptor behavioral expert Owen McGrady warns against it.;United States
tt4154796;Avengers: Endgame;2019;8.4;/title/tt4154796/?ref_=nm_flmg_t_12_act; UK, England, Durham  County Durham;Action,Adventure,Drama;English;After the devastating events of Avengers: Infinity War (2018), the universe is in ruins. With the help of remaining allies, the Avengers assemble once more in order to reverse Thanos' actions and restore balance to the universe.;United States
tt4975920;The Kid;2019;5.9;/title/tt4975920/?ref_=nm_flmg_t_13_act; USA, New Mexico,Santa Fe;Biography,Drama,Western;English;The story of a young boy who witnesses Billy the Kid's encounter with Sheriff Pat Garrett.;United States
tt11557906;The Lego Movie 2 Stars Take on Ellen's Game of Games;2019;5.8;/title/tt11557906/?ref_=nm_flmg_t_14_act;;Animation,Short;English;;Canada
tt3513498;La Grande Aventure Lego 2;2019;6.6;/title/tt3513498/?ref_=nm_flmg_t_15_act; Australia, New South Wales, Moore Park  Sydney;Animation,Action,Adventure;English;It's been five years since everything was awesome and the citizens are facing a huge new threat: Lego Duplo invaders from outer space, wrecking everything faster than they can rebuild.;Denmark
tt10676048;The Marvels;2023;6.1;/title/tt10676048/?ref_=nm_flmg_t_1_act; Italy,Calabria,;Action,Adventure,Fantasy;English;Carol Danvers gets her powers entangled with those of Kamala Khan and Monica Rambeau, forcing them to work together to save the universe.;United States
tt11908172;The Kill Room;2023;5.4;/title/tt11908172/?ref_=nm_flmg_t_2_act; USA, New Jersey,Hoboken;Comedy,Thriller;English;A hitman, his boss, an art dealer and a money-laundering scheme that accidentally turns the assassin into an overnight avant-garde sensation, one that forces her to play the art world against the underworld.;United States
tt13157618;Secret Invasion;2023;6.0;/title/tt13157618/?ref_=nm_flmg_t_3_act; UK, England,Halifax  West Yorkshire;Action,Adventure,Drama;French;Fury and Talos try to stop the Skrulls who have infiltrated the highest spheres of the Marvel Universe.;United States
tt22445726;Marvel Snap;2022;8.1;/title/tt22445726/?ref_=nm_flmg_t_4_act;;Action,Fantasy,Sci-Fi;English;A card video game based on Marvel Comics.;United States
tt29769472;Sesame Street Coming Together: Word of the Day;2022;;/title/tt29769472/?ref_=nm_flmg_t_5_act;;Short;English;Sesame Workshop began publishing a Word of the Day video series as part of their Coming Together initiative in 2022. The segments typically partner a celebrity guest highlighting a word with the Sesame Street Muppets. Videos are posted on Sesame Street's social media channels and collected in their #ComingTogether playlist on YouTube.;United States
tt4428398;Samouraï Academy;2022;5.7;/title/tt4428398/?ref_=nm_flmg_t_6_act; Canada, Québec,Montréal;Animation,Action,Comedy;English;Hank, a loveable dog with a head full of dreams about becoming a samurai, sets off in search of his destiny.;United States
tt13820498;Les derniers jours de Ptolemy Grey;2022;7.8;/title/tt13820498/?ref_=nm_flmg_t_7_act;;Drama;English;Suddenly left without his trusted caretaker, Ptolemy Grey is assigned to the care of orphaned teenager, Robyn. When they learn about a treatment that will restore Ptolemy's memories, it begins a journey towards shocking truths.;United States
tt10168312;What If...?;2021;7.4;/title/tt10168312/?ref_=nm_flmg_t_8_act;;Animation,Action,Adventure;English;Exploring pivotal moments from the Marvel Cinematic Universe and turning them on their head, leading the audience into uncharted territory.;United States
tt6079772;La Protégée;2021;6.1;/title/tt6079772/?ref_=nm_flmg_t_9_act; Romania,Bucharest,;Action,Thriller;Romanian;Rescued as a child by the legendary assassin Moody, Anna is the world's most skilled contract killer. However, when Moody is brutally killed, she vows revenge for the man who taught her everything she knows.;United Kingdom
tt8385148;Hitman & Bodyguard 2;2021;6.1;/title/tt8385148/?ref_=nm_flmg_t_10_act; Croatia,Rijeka,;Action,Comedy,Crime;English;The bodyguard, Michael Bryce, continues his friendship with assassin, Darius Kincaid, as they try to save Darius' wife Sonia.;United Kingdom
tt10342730;Spirale: L'héritage de Saw;2021;5.2;/title/tt10342730/?ref_=nm_flmg_t_11_act; Canada, Ontario,Toronto;Crime,Horror,Mystery;English;A criminal mastermind unleashes a twisted form of justice in Spiral, the terrifying new chapter from the book of Saw.;United States
tt13567480;Mort à 2020;2020;6.8;/title/tt13567480/?ref_=nm_flmg_t_12_act;;Comedy;English;Take a look back at the mad glory of the year 2020 in this comedic retrospective.;United States
tt14084160;Capital One: Christmas Ad;2020;6.6;/title/tt14084160/?ref_=nm_flmg_t_13_act;;Short,Comedy;English;Amidst the daunting endeavor to complete a seemingly endless list of online shopping, Santa is swiftly stricken with the realization that he's missing a critical piece to his holiday puzzle. A coupon code.;United States
tt12369754;Staged;2020;8.5;/title/tt12369754/?ref_=nm_flmg_t_14_act;;Comedy,Drama;English;David Tennant and Michael Sheen star as two actors whose West End play has been put on hold due to Covid-19, but whose director has persuaded them to carry on rehearsing online.;United Kingdom
tt6285944;The Banker;2020;7.3;/title/tt6285944/?ref_=nm_flmg_t_15_act; USA, Georgia,Atlanta;Biography,Drama;English;In the 1960s, two African-American entrepreneurs hire a working-class white man to pretend to be the head of their business empire while they pose as a janitor and chauffeur.;United States
tt5537002;Killers of the Flower Moon;2023;8.0;/title/tt5537002/?ref_=nm_flmg_t_1_act; USA, Oklahoma,Bartlesville;Crime,Drama,History;English;When oil is discovered in 1920s Oklahoma under Osage Nation land, the Osage people are murdered one by one - until the FBI steps in to unravel the mystery.;United States
tt11286314;Don't Look Up: Déni cosmique;2021;7.2;/title/tt11286314/?ref_=nm_flmg_t_2_act; USA, Massachusetts,Boston;Comedy,Drama,Sci-Fi;English;Two low-level astronomers must go on a giant media tour to warn humankind of an approaching comet that will destroy planet Earth.;United States
tt7131622;Once Upon a Time... in Hollywood;2019;7.6;/title/tt7131622/?ref_=nm_flmg_t_3_act; USA, California, Ray Corrigan Ranch  Simi Valley;Comedy,Drama;English;A faded television actor and his stunt double strive to achieve fame and success in the final years of Hollywood's Golden Age in 1969 Los Angeles.;United States
tt10199110;Lil Dicky: Earth;2019;6.1;/title/tt10199110/?ref_=nm_flmg_t_4_act;;Animation,Short,Comedy;English;Lil Dicky leads an all-star cast with top-artists in his new music video, "Earth" which really supports nature.;United States
tt1663202;The Revenant;2015;8.0;/title/tt1663202/?ref_=nm_flmg_t_5_act; Argentina, Tierra del Fuego,Ushuaia;Action,Adventure,Drama;English;A frontiersman on a fur trading expedition in the 1820s fights for survival after being mauled by a bear and left for dead by members of his own hunting team.;Hong Kong
tt4016250;The Audition;2015;6.6;/title/tt4016250/?ref_=nm_flmg_t_6_act; USA, New York,New York City;Short,Comedy;English;Robert De Niro and Leonardo DiCaprio must compete for the lead role in Martin Scorsese's next film.;Macao
tt0993846;Le loup de Wall Street;2013;8.2;/title/tt0993846/?ref_=nm_flmg_t_7_act; Italy, Liguria,Portofino  Genoa;Biography,Comedy,Crime;English;Based on the true story of Jordan Belfort, from his rise to a wealthy stock-broker living the high life to his fall involving crime, corruption and the federal government.;United States
tt1343092;Gatsby le magnifique;2013;7.2;/title/tt1343092/?ref_=nm_flmg_t_8_act; Australia, New South Wales,Centennial Park  Sydney;Drama,Romance;English;A writer and wall street trader, Nick Carraway, finds himself drawn to the past and lifestyle of his mysterious millionaire neighbor, Jay Gatsby, amid the riotous parties of the Jazz Age.;Australia
tt15739482;Titanic: Deleted Scenes;2012;8.5;/title/tt15739482/?ref_=nm_flmg_t_9_act;;Short,Drama,Romance;English;Deleted scenes cut from James Cameron's blockbuster Titanic (1997).;United States
tt1853728;Django Unchained;2012;8.5;/title/tt1853728/?ref_=nm_flmg_t_10_act; USA, Louisiana, 4677 Highway 18  Edgard;Drama,Western;English;With the help of a German bounty-hunter, a freed slave sets out to rescue his wife from a brutal plantation owner in Mississippi.;United States
tt1616195;J. Edgar;2011;6.5;/title/tt1616195/?ref_=nm_flmg_t_11_act; USA, Virginia,Warrenton;Biography,Drama,Romance;English;J. Edgar Hoover, powerful head of the F.B.I. for nearly fifty years, looks back on his professional and personal life.;United States
tt1790736;Inception: The Cobol Job;2010;7.5;/title/tt1790736/?ref_=nm_flmg_t_12_act;;Animation,Short,Action;English;This Inception prequel unfolds courtesy of a beautiful Motion Comic, and explains how Cobb, Arthur and Nash were enlisted by Cobol Engineering. Diehard fans of the film will be especially interested in this one.;United States
tt1375666;Inception;2010;8.8;/title/tt1375666/?ref_=nm_flmg_t_13_act; Canada, Alberta,Fortress Mountain  Kananaskis Country;Action,Adventure,Sci-Fi;English;A thief who steals corporate secrets through the use of dream-sharing technology is given the inverse task of planting an idea into the mind of a C.E.O., but his tragic past may doom the project and his team to disaster.;United States
tt1130884;Shutter Island;2010;8.2;/title/tt1130884/?ref_=nm_flmg_t_14_act; USA, Massachusetts, Boston Harbor  Boston;Mystery,Thriller;English;Teddy Daniels and Chuck Aule, two US marshals, are sent to an asylum on a remote island in order to investigate the disappearance of a patient, where Teddy uncovers a shocking truth about the place.;United States
tt0959337;Les noces rebelles;2008;7.3;/title/tt0959337/?ref_=nm_flmg_t_15_act; USA, Connecticut,Pinewood Lake  Trumbull;Drama,Romance;English;A young couple living in a Connecticut suburb during the mid-1950s struggle to come to terms with their personal problems while trying to raise their two children.;United Kingdom
tt13623148;Je s'appelle Groot;2022–2023;6.7;/title/tt13623148/?ref_=nm_flmg_t_1_act;;Animation,Short,Action;English;A series of shorts featuring the seedling Groot along with several new and unusual characters.;United States
tt5535276;Maestro;2023;6.9;/title/tt5535276/?ref_=nm_flmg_t_2_act; USA, Massachusetts,Tanglewood  Lenox;Biography,Drama,Music;English;This love story chronicles the lifelong relationship of conductor-composer Leonard Bernstein and actress Felicia Montealegre Cohn Bernstein.;United States
tt2906216;Donjons & Dragons : L'Honneur des voleurs;2023;7.3;/title/tt2906216/?ref_=nm_flmg_t_4_act;;Action,Adventure,Comedy;English;A charming thief and a band of unlikely adventurers embark on an epic quest to retrieve a lost relic, but things go dangerously awry when they run afoul of the wrong people.;United States
tt7740496;Nightmare Alley;2021;7.0;/title/tt7740496/?ref_=nm_flmg_t_7_act; USA, New York,Buffalo;Crime,Drama,Thriller;English;A grifter working his way up from low-ranking carnival worker to lauded psychic medium matches wits with a psychologist bent on exposing him.;United States
tt11271038;Licorice Pizza;2021;7.1;/title/tt11271038/?ref_=nm_flmg_t_8_act; USA, California, Sherman Oaks  Los Angeles;Comedy,Drama,Romance;English;The story of Alana Kane and Gary Valentine growing up, running around and going through the treacherous navigation of first love in the San Fernando Valley, 1973.;United States
tt7959026;La mule;2018;7.0;/title/tt7959026/?ref_=nm_flmg_t_10_act; USA, Georgia,Shaw's Sunshine Gardens - 3096 Lumpkin Park Drive  Augusta;Crime,Drama,Thriller;English;A ninety-year-old horticulturist and Korean War veteran turns drug mule for a Mexican cartel.;United States
tt1517451;A Star is Born;2018;7.6;/title/tt1517451/?ref_=nm_flmg_t_11_act; UK, England, Pilton  Somerset;Drama,Music,Romance;English;A musician helps a young singer find fame as age and alcoholism send his own career into a downward spiral.;United States
tt4154756;Avengers: Infinity War;2018;8.4;/title/tt4154756/?ref_=nm_flmg_t_12_act; UK, Scotland, Edinburgh  City of Edinburgh;Action,Adventure,Sci-Fi;English;The Avengers and their allies must be willing to sacrifice all in an attempt to defeat the powerful Thanos before his blitz of devastation and ruin puts an end to the universe.;United States
tt7134278;Disneyland Resort: Guardians of the Galaxy - Mission Breakout!;2017;8.2;/title/tt7134278/?ref_=nm_flmg_t_13_act;;Short,Action,Adventure;English;After destroying Peter's maniacal father Ego, the Guardians of the Galaxy are caught by the Collector when he finds out that they are responsible for;United States
tt3896198;Les Gardiens de la Galaxie Vol. 2;2017;7.6;/title/tt3896198/?ref_=nm_flmg_t_14_act; USA, Georgia,Cartersville;Action,Adventure,Comedy;English;The Guardians struggle to keep together as a team while dealing with their personal family issues, notably Star-Lord's encounter with his father, the ambitious celestial being Ego.;United States
tt2005151;War Dogs;2016;7.1;/title/tt2005151/?ref_=nm_flmg_t_15_act;;Biography,Comedy,Crime;English;Loosely based on the true story of two young men, David Packouz and Efraim Diveroli, who won a three hundred million dollar contract from the Pentagon to arm America's allies in Afghanistan.;United States
tt29873351;Ark: Survival Ascended;2023;;/title/tt29873351/?ref_=nm_flmg_t_1_act;;Adventure;English;;United States
tt27793374;J Balvin: Toretto;2023;4.2;/title/tt27793374/?ref_=nm_flmg_t_3_act;;Music;Spanish;;United States
tt5433140;Fast & Furious X;2023;5.8;/title/tt5433140/?ref_=nm_flmg_t_4_act; Portugal,A24 Highway AKA Autoestrada do Interior Norte,;Action,Adventure,Crime;English;Dom Toretto and his family are targeted by the vengeful son of drug kingpin Hernan Reyes.;United States
tt8322592;Fast and Furious: Les Espions dans la course;2019–2021;5.9;/title/tt8322592/?ref_=nm_flmg_t_8_act; USA, California,Los Angeles;Animation,Action,Adventure;English;A team of teenage street racers are hired to infiltrate a criminal gang.;United States
tt13673396;ARK: Genesis - Part 2;2021;3.2;/title/tt13673396/?ref_=nm_flmg_t_9_act;;Action,Adventure,Comedy;English;ARK: Genesis Part 2 introduces a vast contiguous world filled with strange new biomes, story missions, and exotic creatures! The final confrontation between the spritely HLN-A and the villainous Sir Edmund Rockwell occurs on a gigantic colony ship traveling through deep space.;United States
tt5433138;Fast & Furious 9;2021;5.2;/title/tt5433138/?ref_=nm_flmg_t_10_act; Georgia,Tbilisi,;Action,Crime,Thriller;English;Dom and the crew must take on an international terrorist who turns out to be Dom and Mia's estranged brother.;United States
tt11468188;Fast and Furious Crossroads;2020;2.4;/title/tt11468188/?ref_=nm_flmg_t_11_act;;Action,Crime,Drama;English;Caught up in a dangerous world of organized crime, three small-time garage owners find themselves at a crossroads. In a quest for vengeance, their destinies collide with a cast of familiar faces who share the same adversary.;United States
tt1634106;Bloodshot;2020;5.7;/title/tt1634106/?ref_=nm_flmg_t_12_act; Canada, Québec,Montreal;Action,Adventure,Sci-Fi;English;Ray Garrison, a slain soldier, is re-animated with superpowers.;United States
tt5848272;Ralph 2.0;2018;7.0;/title/tt5848272/?ref_=nm_flmg_t_14_act; USA, California,Walt Disney Feature Animation - 500 S. Buena Vista Street  Burbank;Animation,Adventure,Comedy;English;Six years after the events of "Wreck-It Ralph," Ralph and Vanellope, now friends, discover a wi-fi router in their arcade, leading them into a new adventure.;Japan
tt18783984;Kung Fu Panda: Le Chevalier Dragon;2022–2023;6.0;/title/tt18783984/?ref_=nm_flmg_t_1_act;;Animation,Action,Adventure;English;Follow Po, who partners up with a no-nonsense English knight named Wandering Blade, to find a collection of four powerful weapons before a mysterious pair of weasels do, and save the world from destruction.;United States
tt27930974;Tenacious D: Wicked Game;2023;8.4;/title/tt27930974/?ref_=nm_flmg_t_2_act;;Music;English;;United States
tt27736843;Tenacious D: Video Games;2023;9.0;/title/tt27736843/?ref_=nm_flmg_t_3_act;;Animation,Comedy,Music;English;;United States
tt27469041;Jack Black: Peaches;2023;8.5;/title/tt27469041/?ref_=nm_flmg_t_4_act;;Music;English;Jack Black has dropped a music video to accompany his 'Super Mario Bros. Movie' surprise hit ballad "Peaches.";United States
tt8111088;The Mandalorian;2023;8.7;/title/tt8111088/?ref_=nm_flmg_t_5_act; USA, California,El Segundo;Action,Adventure,Fantasy;English;The travels of a lone bounty hunter in the outer reaches of the galaxy, far from the authority of the New Republic.;United States
tt15715052;History of the World Part II;2023;5.6;/title/tt15715052/?ref_=nm_flmg_t_7_act; USA, California,Santa Clarita;Comedy,History;English;Sequel to the 1981 film, History of the World: Part I.;United States
tt20724032;Free LSD;2023;8.7;/title/tt20724032/?ref_=nm_flmg_t_8_act;;Comedy,Music,Sci-Fi;English;An elderly sex shop owner's attraction to a younger woman leads him to an erectile dysfunction doctor whose treatment reveals an alluring but treacherous alternate reality.;United States
tt2861424;Rick et Morty;2022;9.1;/title/tt2861424/?ref_=nm_flmg_t_9_act; USA, New York,New York City;Animation,Adventure,Comedy;English;The fractured domestic lives of a nihilistic mad scientist and his anxious grandson intersect with their inter-dimensional misadventures.;United States
tt17076046;Weird: The Al Yankovic Story;2022;6.9;/title/tt17076046/?ref_=nm_flmg_t_10_act; USA, California,Los Angeles;Comedy,Crime,Music;English;Explores every facet of Yankovic's life, from his meteoric rise to fame with early hits like 'Eat It' and 'Like a Surgeon' to his torrid celebrity love affairs and famously depraved lifestyle.;United States
tt21054464;Tenacious D's the Who Medley;2022;7.6;/title/tt21054464/?ref_=nm_flmg_t_11_act;;Music;English;;United States
tt7978758;Apollo 10 1/2: Les fusées de mon enfance;2022;7.2;/title/tt7978758/?ref_=nm_flmg_t_12_act; USA,Texas,;Animation,Adventure,Drama;English;A coming-of-age story set in the suburbs of Houston, Texas in the summer of 1969, centered around the historic Apollo 11 moon landing.;United States
tt11947288;Big Nate;2022;7.1;/title/tt11947288/?ref_=nm_flmg_t_13_act;;Animation,Comedy,Family;English;Follows the adventures of titular protagonist, alongside his friends, in sixth grade.;United States
tt5337160;Psychonauts 2;2021;8.7;/title/tt5337160/?ref_=nm_flmg_t_14_act;;Action,Adventure,Comedy;English;The game will pick up after the conclusion of Psychonauts in the Rhombus of Ruin, following Zanotto's rescue, the team returns to Psychonaut Headquarters, where Raz discovers that the organization had been changed by its second-in-command, and psychic research was directed away from peacekeeping efforts towards more unorthodox studies.;United States
tt14035218;Gaufrette et Mochi;2021;7.6;/title/tt14035218/?ref_=nm_flmg_t_15_act;;Family;English;A whimsical supermarket with friends and aspiring chefs hop aboard a magical shopping cart to seek out ingredients all over the world.;United States
tt2461172;All-Star Weekend;2023;7.2;/title/tt2461172/?ref_=nm_flmg_t_1_act; USA, California,Santa Clarita;Comedy;;Two buddies form a rivalry over their favorite American basketball player.;United States
tt15398776;Oppenheimer;2023;8.5;/title/tt15398776/?ref_=nm_flmg_t_2_act; USA, New Mexico,Los Alamos;Biography,Drama,History;English;The story of American scientist, J. Robert Oppenheimer, and his role in the development of the atomic bomb.;United States
tt6673612;Le Voyage du Dr Dolittle;2020;5.6;/title/tt6673612/?ref_=nm_flmg_t_3_act; UK, Wales,Menai Suspension Bridge  Anglesey;Adventure,Comedy,Family;English;A physician who can talk to animals embarks on an adventure to find a legendary island with a young apprentice and a crew of strange pets.;United States
tt2250912;Spider-Man: Homecoming;2017;7.4;/title/tt2250912/?ref_=nm_flmg_t_6_act; Germany,Berlin,;Action,Adventure,Sci-Fi;English;Peter Parker balances his life as an ordinary high school student in Queens with his superhero alter-ego Spider-Man, and finds himself on the trail of a new menace prowling the skies of New York City.;United States
tt7006122;Watch NBA Finals with Spidey and Iron Man;2017;7.3;/title/tt7006122/?ref_=nm_flmg_t_7_act;;Short,Comedy,Sci-Fi;English;Peter Parker is invited to Tony Stark's NBA Finals party at the Avengers tower.;United States
tt3498820;Captain America: Civil War;2016;7.8;/title/tt3498820/?ref_=nm_flmg_t_8_act;;Action,Sci-Fi;English;Political involvement in the Avengers' affairs causes a rift between Captain America and Iron Man.;United States
tt2395427;Avengers : L'Ère d'Ultron;2015;7.3;/title/tt2395427/?ref_=nm_flmg_t_9_act; Bangladesh,Chittagong,;Action,Adventure,Sci-Fi;English;When Tony Stark and Bruce Banner try to jump-start a dormant peacekeeping program called Ultron, things go horribly wrong and it's up to Earth's mightiest heroes to stop the villainous Ultron from enacting his terrible plan.;United States
tt1872194;Le juge;2014;7.4;/title/tt1872194/?ref_=nm_flmg_t_10_act; USA, Massachusetts,Plymouth County Courthouse  Plymouth;Crime,Drama;English;Big-city lawyer Hank Palmer returns to his childhood home where his father, the town's judge, is suspected of murder. Hank sets out to discover the truth; along the way he reconnects with his estranged family.;United States
tt2883512;Chef;2014;7.3;/title/tt2883512/?ref_=nm_flmg_t_11_act; USA, Louisiana,French Quarter  New Orleans;Adventure,Comedy,Drama;English;A head chef quits his restaurant job and buys a food truck in an effort to reclaim his creative promise, while piecing back together his estranged family.;United States
tt1300854;Iron Man 3;2013;7.1;/title/tt1300854/?ref_=nm_flmg_t_12_act; USA, North Carolina,Kenansville;Action,Adventure,Sci-Fi;English;When Tony Stark's world is torn apart by a formidable terrorist called the Mandarin, he starts an odyssey of rebuilding and retribution.;United States
tt0848228;Avengers;2012;8.0;/title/tt0848228/?ref_=nm_flmg_t_13_act; USA, Ohio,East 9th St  Cleveland;Action,Sci-Fi;English;Earth's mightiest heroes must come together and learn to fight as a team if they are going to stop the mischievous Loki and his alien army from enslaving humanity.;United States
tt1515091;Sherlock Holmes: Jeu d'ombres;2011;7.4;/title/tt1515091/?ref_=nm_flmg_t_14_act; Switzerland, Kanton Luzern,Triengen;Action,Adventure,Mystery;English;Detective Sherlock Holmes is on the trail of criminal mastermind Professor Moriarty, who is carrying out a string of random crimes across Europe.;United States
tt1231583;Date limite;2010;6.5;/title/tt1231583/?ref_=nm_flmg_t_15_act; USA, New Mexico,Las Cruces;Comedy,Drama;English;High-strung father-to-be Peter Highman is forced to hitch a ride with aspiring actor Ethan Tremblay on a road trip in order to make it to his child's birth on time.;United States
tt8531222;Dave (aka Lil Dicky);2023;8.3;/title/tt8531222/?ref_=nm_flmg_t_1_act;;Comedy,Music;English;A neurotic, mid-20s suburbanite, is convinced he's destined to be one of the greatest rappers of all time. Now, he just has to prove it to everyone else.;United States
tt10640346;Babylon;2022;7.1;/title/tt10640346/?ref_=nm_flmg_t_2_act; USA, California,Santa Clarita;Comedy,Drama,History;English;A tale of outsized ambition and outrageous excess, it traces the rise and fall of multiple characters during an era of unbridled decadence and depravity in early Hollywood.;United States
tt12593682;Bullet Train;2022;7.3;/title/tt12593682/?ref_=nm_flmg_t_3_act; Japan,Tokyo,;Action,Comedy,Thriller;English;Five assassins aboard a swiftly-moving bullet train find out that their missions have something in common.;Japan
tt13320622;Le Secret de la cité perdue;2022;6.1;/title/tt13320622/?ref_=nm_flmg_t_4_act; Dominican Republic,Samana,;Action,Adventure,Comedy;English;A reclusive romance novelist on a book tour with her cover model gets swept up in a kidnapping attempt that lands them both in a cutthroat jungle adventure.;United States
tt14067406;Fast Times at Ridgemont High Table Read;2020;7.0;/title/tt14067406/?ref_=nm_flmg_t_5_act;;Comedy;English;Three guys set out on an adventure that will change their lives. Peter is depressed, Joe is sad and Thor is the one managing their emotions.;United States
tt2935510;Ad Astra;2019;6.5;/title/tt2935510/?ref_=nm_flmg_t_6_act; USA, California,Dumont Dunes;Adventure,Drama,Mystery;English;Astronaut Roy McBride undertakes a mission across an unforgiving solar system to uncover the truth about his missing father and his doomed expedition that now, 30 years later, threatens the universe.;United States
tt5463162;Deadpool 2;2018;7.6;/title/tt5463162/?ref_=nm_flmg_t_8_act; Canada, British Columbia, Riverview Hospital  Coquitlam;Action,Adventure,Comedy;English;Foul-mouthed mutant mercenary Wade Wilson (a.k.a. Deadpool) assembles a team of fellow mutant rogues to protect a young boy with supernatural abilities from the brutal, time-traveling cyborg Cable.;United States
tt4758646;War Machine;2017;6.0;/title/tt4758646/?ref_=nm_flmg_t_9_act; United Arab Emirates,Abu Dhabi,;Comedy,Drama,War;English;An idiosyncratic general confronts opposition from enemies, allies, and bureaucrats while leading a massive rebuilding operation in Afghanistan.;United States
tt3640424;Alliés;2016;7.1;/title/tt3640424/?ref_=nm_flmg_t_10_act; Spain, Canary Islands,Parque Natural de Corralejo  Fuerteventura;Action,Drama,Romance;English;In 1942, a Canadian intelligence officer in North Africa encounters a female French Resistance fighter on a deadly mission behind enemy lines. When they reunite in London, their relationship is tested by the pressures of war.;United Kingdom
tt6024606;Voyage of Time: The IMAX Experience;2016;7.0;/title/tt6024606/?ref_=nm_flmg_t_11_act;;Documentary,Animation;English;This documentary examines the origins of the universe, including the beginning of life on Earth.;United States
tt1596363;The Big Short: Le casse du siècle;2015;7.8;/title/tt1596363/?ref_=nm_flmg_t_12_act; USA, Louisiana,New Orleans;Biography,Comedy,Drama;English;In 2006-2007 a group of investors bet against the United States mortgage market. In their research, they discover how flawed and corrupt the market is.;United States
tt3707106;Vue sur mer;2015;5.3;/title/tt3707106/?ref_=nm_flmg_t_13_act; Malta,Gozo Island,;Drama,Romance;English;A couple tries to repair their marriage while staying at a hotel in France.;France
tt2713180;Fury;2014;7.6;/title/tt2713180/?ref_=nm_flmg_t_15_act; UK, England,Oxfordshire;Action,Drama,War;English;A grizzled tank commander makes tough decisions as he and his crew fight their way across Germany in April, 1945.;United States
tt27704325;Hors-saison;2023;6.4;/title/tt27704325/?ref_=nm_flmg_t_1_act; France, Morbihan,Quiberon;Drama;French;Mathieu lives in Paris, Alice in a small balnearic town. They have a short affair, and then each one follows their own path. To wash his melancholy, Mathieu goes to a thalasso, where by chance founds Alice.;France
tt14250484;Les contes du hérisson;2023;7.4;/title/tt14250484/?ref_=nm_flmg_t_2_act;;Animation;French;Nina's life turned upside down since her father lost his job in a factory following embezzlement made by the foreman. With her friend, she embarks on a life-saving quest which leads to the discovery of a hidden treasure in the factory;France
tt17569526;Acide;2023;5.6;/title/tt17569526/?ref_=nm_flmg_t_3_act;;Drama,Fantasy;French;In the middle of a heat wave, an ominous cloud appears and with it, a lethal acid rain. A separated family will have to come together to escape this plague ravaging the world.;France
tt11210390;Astérix & Obélix: L'Empire du Milieu;2023;5.1;/title/tt11210390/?ref_=nm_flmg_t_4_act; France, Val-de-Marne,Studios de Bry - 2 avenue de l'Europe  Bry-sur-Marne;Adventure,Comedy,Family;French;The only daughter of the Chinese emperor Han Xuandi, escapes from a strict prince and seeks help from the Gauls and the two brave warriors Asterix and Obelix.;France
tt13002242;Lui;2021;4.8;/title/tt13002242/?ref_=nm_flmg_t_5_act;;Drama,Thriller;French;Lacking inspiration, a composer isolates himself at a desolate house, on a small island, in Brittany. There he finds an old piano and receives visits from people who won't let him rest.;France
tt10545470;Au nom de la terre;2019;6.8;/title/tt10545470/?ref_=nm_flmg_t_6_act; France, Loire-Atlantique,Plage de la Courance  Saint-Nazaire;Biography,Drama;French;Pierre is 25 when he returns from Wyoming to his fiancée and take over the family farm. Twenty years later, the farm expanded and so did the family.;France
tt9172422;La belle époque;2019;7.4;/title/tt9172422/?ref_=nm_flmg_t_7_act; France,Paris,;Comedy,Drama,Fantasy;French;A couple in crisis. He, disillusioned, sees his life upset the day an entrepreneur offers him to plunge back into the time of his choice.;France
tt20895888;Action;2018;;/title/tt20895888/?ref_=nm_flmg_t_8_act;;Short,Comedy;French;;France
tt4725842;Girls with Balls;2018;3.9;/title/tt4725842/?ref_=nm_flmg_t_9_act; Spain, Canary Islands,Tenerife;Comedy,Horror;French;After their van breaks down in the middle of nowhere, the women of a volleyball team must fight for their lives against a group of degenerate hunters.;France
tt6451260;L'amour est une fête;2018;5.2;/title/tt6451260/?ref_=nm_flmg_t_10_act; France,Paris,;Comedy;French;Two cops infiltrate the porn scene in the early 80's .;France
tt7250056;Doubles vies;2018;6.4;/title/tt7250056/?ref_=nm_flmg_t_11_act; Spain,Majorca,;Comedy,Drama,Romance;French;Set in the Parisian publishing world, an editor and an author find themselves in over their heads, as they cope with a middle-age crisis, the changing industry and their wives.;France
tt7476116;Le Grand Bain;2018;6.9;/title/tt7476116/?ref_=nm_flmg_t_12_act; France, Seine-Saint-Denis,Piscine Municipale - Avenue Thiers  Le Raincy;Comedy,Drama,Sport;French;A depressed man joins a synchronized swimming team made up of middle aged men.;Belgium
tt6293032;Mon garçon;2017;5.8;/title/tt6293032/?ref_=nm_flmg_t_13_act;;Drama,Thriller;French;The disappearance of his child sends a man on a dark path to find the truth.;France
tt5351818;Rock'n Roll;2017;6.1;/title/tt5351818/?ref_=nm_flmg_t_14_act; France, Paris,Epinay Studios;Comedy,Drama,Family;French;Guillaume Canet is told by a young co-star that he's no longer Rock'n' Roll and can't sell films anymore. He then tries to prove her wrong and gets help from his girlfriend, Marion Cotillard.;France
tt5078354;Cézanne et moi;2016;6.1;/title/tt5078354/?ref_=nm_flmg_t_15_act; France, Bouches-du-Rhône,Cassis;Biography,Drama;French;The parallel paths of the lives, careers and passionate friendship of post-impressionist painter Paul Cezanne and novelist Emile Zola. Both left their hometown to conquer the art scene in Paris.;Belgium
tt14309446;Me Time: Enfin seul?;2022;5.1;/title/tt14309446/?ref_=nm_flmg_t_1_act; USA, California,Los Angeles;Comedy;English;When a stay-at-home dad who dedicates all his time to his children is persuaded to take time off for himself, he gets mixed up in the wild shenanigans of his childhood friend who's celebrating his 44th birthday.;United States
tt22095762;Father Stu: Deleted Scenes;2022;6.5;/title/tt22095762/?ref_=nm_flmg_t_2_act;;Short,Biography,Drama;English;Deleted scenes from the 2022 film, 'Father Stu'.;
tt14439896;Father Stu;2022;6.5;/title/tt14439896/?ref_=nm_flmg_t_3_act; USA, Montana,Butte;Biography,Drama;English;Follows the life of Father Stuart Long, a boxer-turned-priest who inspired countless people during his journey from self-destruction to redemption.;United States
tt1464335;Uncharted;2022;6.3;/title/tt1464335/?ref_=nm_flmg_t_4_act; Spain, Girona,Lloret de Mar;Action,Adventure;English;Street-smart Nathan Drake is recruited by seasoned treasure hunter Victor "Sully" Sullivan to recover a fortune amassed by Ferdinand Magellan, and lost 500 years ago by the House of Moncada.;United States
tt6654210;Infinite;2021;5.5;/title/tt6654210/?ref_=nm_flmg_t_5_act; UK, Wales,24-26 Newport Road  Cardiff;Action,Sci-Fi,Thriller;English;A man discovers that his hallucinations are actually visions from past lives.;United States
tt14696048;Joyner Lucas: Zim Zimma;2021;4.8;/title/tt14696048/?ref_=nm_flmg_t_6_act;;Short,Music;English;;United States
tt4651466;Joe Bell;2020;6.2;/title/tt4651466/?ref_=nm_flmg_t_7_act; USA, Utah,Salt Lake City;Biography,Drama;English;The true story of a small-town, working-class father who embarks on a walk across the U.S. to crusade against bullying after his son is tormented in high school for being gay. Meanwhile, he realizes he is instead missing out on his son's life back at home.;United States
tt3152592;Scooby!;2020;5.6;/title/tt3152592/?ref_=nm_flmg_t_8_act; USA, California,Los Angeles;Animation,Adventure,Comedy;English;Scooby and the gang face their most challenging mystery ever: a plot to unleash the ghost dog Cerberus upon the world. As they race to stop this dogpocalypse, the gang discovers that Scooby has an epic destiny greater than anyone imagined.;United States
tt8629748;Spenser Confidential;2020;6.2;/title/tt8629748/?ref_=nm_flmg_t_9_act; USA, Massachusetts,Raynham-Taunton Greyhound Park  Raynham;Action,Comedy,Crime;English;When two Boston police officers are murdered, ex-cop Spenser teams up with his no-nonsense roommate Hawk to take down criminals.;United States
tt7401588;Apprentis parents;2018;7.3;/title/tt7401588/?ref_=nm_flmg_t_10_act; USA, Georgia,Atlanta;Comedy,Drama;English;A couple find themselves in over their heads when they foster three children.;United States
tt4560436;22 Miles;2018;6.1;/title/tt4560436/?ref_=nm_flmg_t_11_act; Colombia,Bogotá,;Action,Thriller;English;A small team of elite American intelligence officers, part of a top-secret tactical command unit, try to smuggle a mysterious police officer with sensitive information out of Indonesia.;United States
tt5294550;Tout l'argent du monde;2017;6.8;/title/tt5294550/?ref_=nm_flmg_t_12_act; UK, England, Hatfield  Hertfordshire;Biography,Crime,Drama;English;The story of the kidnapping of 16-year-old John Paul Getty III and the desperate attempt by his devoted mother to convince his billionaire grandfather Jean Paul Getty to pay the ransom.;United States
tt5657846;Daddy's Home 2;2017;6.0;/title/tt5657846/?ref_=nm_flmg_t_13_act; USA, Massachusetts,Great Barrington;Comedy;English;Having finally gotten used to each other's existence, Brad and Dusty must now deal with their intrusive fathers during the holidays.;United States
tt3371366;Transformers: The Last Knight;2017;5.2;/title/tt3371366/?ref_=nm_flmg_t_14_act; UK, England, Alnwick  Northumberland;Action,Adventure,Sci-Fi;English;A deadly threat from Earth's history reappears and a hunt for a lost artifact takes place between Autobots and Decepticons, while Optimus Prime encounters his creator in space.;United States
tt4572514;Traque à Boston;2016;7.3;/title/tt4572514/?ref_=nm_flmg_t_15_act; USA, Massachusetts,Mason St. Malden;Action,Crime,Drama;English;The story of the 2013 Boston Marathon bombing and the aftermath, which includes the city-wide manhunt to find the terrorists responsible.;Hong Kong
tt17024450;Equalizer 3;2023;6.9;/title/tt17024450/?ref_=nm_flmg_t_1_act; Italy, Campania,Minori;Action,Crime,Thriller;English;Robert McCall finds himself at home in Southern Italy but he discovers his friends are under the control of local crime bosses. As events turn deadly, McCall knows what he has to do: become his friends' protector by taking on the mafia.;United States
tt10095582;The Tragedy of Macbeth;2021;7.1;/title/tt10095582/?ref_=nm_flmg_t_2_act; USA, California,Los Angeles;Drama,Mystery,Thriller;English;A Scottish lord becomes convinced by a trio of witches that he will become the next King of Scotland, and his ambitious wife supports him in his plans of seizing power.;United States
tt10016180;Une affaire de détails;2021;6.3;/title/tt10016180/?ref_=nm_flmg_t_3_act; USA, California,Mosman's Steak House - 46643 60th St. West  Lancaster;Crime,Drama,Mystery;English;Kern County Deputy Sheriff Joe Deacon is sent to Los Angeles for what should have been a quick evidence-gathering assignment. Instead, he becomes embroiled in the search for a serial killer who is terrorizing the city.;United States
tt3766354;Equalizer 2;2018;6.7;/title/tt3766354/?ref_=nm_flmg_t_4_act; Turkey,Istanbul,;Action,Crime,Thriller;English;Robert McCall serves an unflinching justice for the exploited and oppressed, but how far will he go when that is someone he loves?;United States
tt6000478;L'Affaire Roman J.;2017;6.5;/title/tt6000478/?ref_=nm_flmg_t_5_act; USA, California,Los Angeles;Crime,Drama,Thriller;English;Roman J. Israel, Esq., a driven, idealistic defense attorney, finds himself in a tumultuous series of events that lead to a crisis and the necessity for extreme action.;Canada
tt2671706;Fences;2016;7.2;/title/tt2671706/?ref_=nm_flmg_t_6_act; USA, Pennsylvania,Pittsburgh;Drama;English;A working-class African-American father tries to raise his family in the 1950s, while coming to terms with the events of his life.;United States
tt2404435;Les sept mercenaires;2016;6.9;/title/tt2404435/?ref_=nm_flmg_t_7_act; USA, Arizona,San Francisco Peaks;Action,Adventure,Drama;English;Seven gunmen from a variety of backgrounds are brought together by a vengeful young widow to protect her town from the private army of a destructive industrialist.;United States
tt0455944;Equalizer;2014;7.2;/title/tt0455944/?ref_=nm_flmg_t_8_act; USA, Massachusetts,Haverhill;Action,Crime,Thriller;English;A man who believes he has put his mysterious past behind him cannot stand idly by when he meets a young girl under the control of ultra-violent Russian gangsters.;United States
tt1272878;2 Guns;2013;6.7;/title/tt1272878/?ref_=nm_flmg_t_9_act; USA, Louisiana,Kenner;Action,Comedy,Thriller;English;Two hardened criminals get into trouble with the US border patrol after meeting with a Mexican drug lord, and then revelations start to unfold.;United States
tt1907668;Flight;2012;7.3;/title/tt1907668/?ref_=nm_flmg_t_10_act; USA, Georgia, 771 Hall Road  Hampton;Drama,Thriller;English;An airline pilot saves almost all his passengers on his malfunctioning airliner which eventually crashed, but an investigation into the accident reveals something troubling.;United States
tt1599348;Sécurité rapprochée;2012;6.7;/title/tt1599348/?ref_=nm_flmg_t_11_act; South Africa, Western Cape,Cape Town;Action,Thriller;English;A young CIA agent is tasked with looking after a fugitive in a safe house. But when the safe house is attacked, he finds himself on the run with his charge.;South Africa
tt0477080;Unstoppable;2010;6.8;/title/tt0477080/?ref_=nm_flmg_t_12_act; USA, Pennsylvania,Beech Creek;Action,Thriller;English;With an unmanned, half-mile-long freight train barreling toward a city, a veteran engineer and a young conductor race against the clock to prevent a catastrophe.;United States
tt1037705;Le Livre d'Eli;2010;6.8;/title/tt1037705/?ref_=nm_flmg_t_13_act; USA, New Mexico,Carrizozo;Action,Adventure,Drama;English;A drifter fights his way across a ravaged, post-apocalyptic America while protecting a sacred book that holds the secrets to humanity's salvation.;United States
tt1111422;L'attaque du métro 1 2 3;2009;6.4;/title/tt1111422/?ref_=nm_flmg_t_14_act; Canada, Ontario,Lower Bay Station  Toronto;Action,Crime,Thriller;English;Armed men hijack a New York City subway train, holding the passengers hostage in return for a ransom, and turning an ordinary day's work for dispatcher Walter Garber into a face-off with the mastermind behind the crime.;United States
tt0427309;The Great Debaters;2007;7.5;/title/tt0427309/?ref_=nm_flmg_t_15_act; USA, Texas,Wiley College - 711 Wiley Avenue  Marshall;Biography,Drama,Romance;English;A drama based on the true story of Melvin B. Tolson, a professor at Wiley College Texas. In 1935, he inspired students to form the school's first debate team, which went on to challenge Harvard in the national championship.;United States
tt1727770;Absolutely Anything;2015;6.0;/title/tt1727770/?ref_=nm_flmg_t_1_act;;Comedy,Sci-Fi;English;A group of eccentric aliens confers a human being with the power to do absolutely anything, as an experiment.;United Kingdom
tt2692250;La Nuit au musée : Le Secret des pharaons;2014;6.2;/title/tt2692250/?ref_=nm_flmg_t_2_act; UK, England, Bloomsbury  London;Adventure,Comedy,Family;English;Larry spans the globe, uniting favorite and new characters while embarking on an epic quest to save the magic before it's gone forever.;United Kingdom
tt0910885;Un foutu conte de Noël;2014;5.1;/title/tt0910885/?ref_=nm_flmg_t_3_act; USA, GA,Stone Mountain  Gwinnett County;Comedy,Drama;English;Boyd Mitchler and his family must spend Christmas with his estranged family of misfits. Upon realizing that he left all his son's gifts at home, he hits the road with his dad in an attempt to make the 8-hour round trip before sunrise.;United States
tt1294970;Deuxième chance à Brooklyn;2014;5.7;/title/tt1294970/?ref_=nm_flmg_t_4_act; USA, New York, Brooklyn  New York City;Comedy,Drama;English;A perpetually angry man is informed he has 90 minutes to live and promptly sets out to reconcile with his family and friends in the short time he has left.;United States
tt2624412;Boulevard;2014;5.8;/title/tt2624412/?ref_=nm_flmg_t_5_act; USA, Tennessee,Drake Motel - 420 Murfreesboro Road  Nashville;Drama;English;A devoted husband in a marriage of convenience is forced to confront his secret life.;United States
tt2710104;The Crazy Ones;2013–2014;7.0;/title/tt2710104/?ref_=nm_flmg_t_6_act; USA, Illinois,Chicago;Comedy;English;Out-of-the-box Simon Roberts runs an ad agency with his Type-A daughter Sydney.;United States
tt1839642;The Face of Love;2013;6.2;/title/tt1839642/?ref_=nm_flmg_t_7_act; USA, California,Los Angeles;Drama,Mystery,Romance;English;A widow falls for a guy who bears a striking resemblance to her late husband.;United States
tt1327773;Le majordome;2013;7.2;/title/tt1327773/?ref_=nm_flmg_t_8_act; USA, Louisiana,Houma;Biography,Drama;English;As Cecil Gaines serves eight presidents during his tenure as a butler at the White House, the civil rights movement, Vietnam, and other major events affect this man's life, family, and American society.;United States
tt1931435;Un grand mariage;2013;5.6;/title/tt1931435/?ref_=nm_flmg_t_9_act; USA, Connecticut,Greenwich;Comedy,Drama,Romance;English;A long-divorced couple fakes being married as their family unites for a wedding.;United States
tt1492966;Louie;2012;8.5;/title/tt1492966/?ref_=nm_flmg_t_10_act; USA, New York, Manhattan  New York City;Comedy,Drama;English;The life of Louie C.K., a divorced comedian living in New York with two kids.;United States
tt1703925;Wilfred;2012;7.8;/title/tt1703925/?ref_=nm_flmg_t_11_act; USA,California,;Comedy,Drama,Mystery;English;The story of a depressed man who inexplicably is the only one who can see his neighbor's dog as a full grown man in a dog suit.;United States
tt1402488;Happy Feet 2;2011;5.8;/title/tt1402488/?ref_=nm_flmg_t_12_act; Australia, New South Wales, Moore Park  Sydney;Animation,Adventure,Comedy;English;Mumble's son, Erik, is struggling to realize his talents in the Emperor Penguin world. Meanwhile, Mumble and his family and friends discover a new threat their home -- one that will take everyone working together to save them.;Australia
tt0072562;Saturday Night Live;2010;8.0;/title/tt0072562/?ref_=nm_flmg_t_13_act; USA, New York, Manhattan  New York City;Comedy,Music;English;A famous guest host stars in parodies and sketches created by the cast of this witty show.;United States
tt0976238;Les 2 font la « père »;2009;5.3;/title/tt0976238/?ref_=nm_flmg_t_14_act; USA, New York, Manhattan  New York City;Comedy,Family;English;Two friends and business partners find their lives turned upside down when strange circumstances lead them to be the temporary guardians of seven year-old twins.;United States
tt0206512;Bob l'éponge;2009;8.2;/title/tt0206512/?ref_=nm_flmg_t_15_act; USA, California,Burbank;Animation,Action,Comedy;English;The misadventures of a talking sea sponge who works at a fast food restaurant, attends a boating school, and lives in an underwater pineapple.;United States
tt14555174;Assassin;2023;3.2;/title/tt14555174/?ref_=nm_flmg_t_1_act; USA, Alabama,Bessemer;Action,Crime,Thriller;English;A man dies as part of an experimental military program. A former black-ops soldier takes his place to find who killed him.;United States
tt22394702;Detective Knight: Independence;2023;3.4;/title/tt22394702/?ref_=nm_flmg_t_2_act;;Action,Crime,Thriller;English;Detective James Knight's last-minute assignment to the Independence Day shift turns into a race against time to stop an unbalanced EMT worker who's posing as a cop.;United States
tt22394694;Detective Knight: Redemption;2022;4.0;/title/tt22394694/?ref_=nm_flmg_t_3_act;;Action,Thriller;English;In custody in New York, Detective James Knight finds himself in the middle of a jailbreak led by The Christmas Bomber, a brutal fanatic whose Santa Claus disciples are terrorizing the city. With the promised return of his badge in exchange for taking out the terrorists, the steely-eyed Knight doles out mercy for the just...and merciless justice for all the rest.;United States
tt14656632;Paradise City;2022;3.6;/title/tt14656632/?ref_=nm_flmg_t_4_act; USA, Hawaii,Wailuku;Action,Thriller;English;Ryan Swan must carve his way through the Hawaiian crime world to wreak vengeance on the kingpin who murdered his father.;United States
tt21435436;Detective Knight: Rogue;2022;3.8;/title/tt21435436/?ref_=nm_flmg_t_5_act; USA, New Mexico,Las Cruces;Action,Thriller;English;As Los Angeles prepares for Halloween, mask-wearing armed robbers critically wound detective James Knight's partner in a shootout following a heist.;United States
tt16527290;Wire Room;2022;3.6;/title/tt16527290/?ref_=nm_flmg_t_6_act; USA,Alabama,;Action,Thriller;English;While on wire room duty, a federal agent listens in as the target is attacked in his home by a hit squad. Without burning the wire, he must protect the investigation and the target's life from the confines of a room fifty miles away.;United States
tt15837458;Wrong Place;2022;3.5;/title/tt15837458/?ref_=nm_flmg_t_7_act; USA, Alabama,Pelham;Action,Crime,Thriller;English;A methamphetamines cook hunts down the former Police chief of a small town in order to silence him before he can deliver eyewitness testimony against his family, but ultimately finds himself up against more than he had bargained for.;United States
tt14686544;White Elephant;2022;4.4;/title/tt14686544/?ref_=nm_flmg_t_8_act; USA, Georgia,Tifton;Action,Thriller;English;An ex-marine enforcer must battle his conscience and code of honor when he is forced to do things for the mob.;United States
tt14849038;Vendetta;2022;3.7;/title/tt14849038/?ref_=nm_flmg_t_9_act; Georgia,Eatonton,;Action,Thriller;English;When his daughter is brutally murdered and legal justice seems unlikely, William Duncan takes the law into his own hands and sets out on a quest for retribution.;United States
tt15391770;Corrective Measures;2022;4.4;/title/tt15391770/?ref_=nm_flmg_t_10_act; Canada, British Columbia,Vancouver;Action,Sci-Fi;English;In the world's most dangerous maximum security prison filled with supervillain inmates and corrupt staff, tensions rise leading to anarchy and destruction.;United States
tt14577304;Fortress: Sniper's Eye;2022;2.9;/title/tt14577304/?ref_=nm_flmg_t_11_act;;Action,Thriller;English;Story revolves around a top-secret resort for retired U.S. intelligence officers.;United States
tt14412366;A Day to Die;2022;3.5;/title/tt14412366/?ref_=nm_flmg_t_12_act; USA, Mississippi,Jackson;Action,Crime,Drama;English;Connor Connolly has one day to pay reparations to Tyrone Pettis. He is forced to ask his old military ops crew, led by Brice Mason, to come together to get him two million dollars before he loses everyone he loves in the process.;United States
tt14174168;Gasoline Alley;2022;3.9;/title/tt14174168/?ref_=nm_flmg_t_13_act; USA, Georgia,Tifton;Action,Thriller;English;A man implicated in the triple homicide of three Hollywood starlets begins his own investigation. Needing assistance, he enlists the two detectives on his tail in order to expose a conspiracy more explosive than any of them imagined.;United States
tt13496236;American Siege;2021;3.4;/title/tt13496236/?ref_=nm_flmg_t_14_act; USA, Georgia,Fitzgerald;Action,Thriller;English;An ex-NYPD officer-turned-sheriff of a small rural Georgia town has to contend with a gang of thieves who have taken a wealthy doctor hostage.;Canada
tt14577300;Fortress;2021;3.2;/title/tt14577300/?ref_=nm_flmg_t_15_act;;Action,Thriller;English;A group of criminals led by Robert's former nemesis - Balzary who hellbent on revenge, forces a retired CIA Agent and his estranged son into a high-tech bunker. Will the thick walls and defenses be powerful enough against Balzary's forces.;United States
tt16280138;Magic Mike: Dernière danse;2023;5.2;/title/tt16280138/?ref_=nm_flmg_t_1_act;;Comedy,Drama;English;Mike takes to the stage again, following a business deal that went bust, leaving him broke and taking bartender gigs in Florida. Mike heads to London with a wealthy socialite who lures him with an offer he can't refuse.;United States
tt11252248;Dog;2022;6.5;/title/tt11252248/?ref_=nm_flmg_t_4_act; USA, California,Santa Clarita;Comedy,Drama;English;Two former Army Rangers are paired against their will on the road trip of a lifetime. Briggs (Channing Tatum) and Lulu (a Belgian Malinois) race down the Pacific Coast to get to a fellow soldier's funeral on time.;United States
tt12614214;The Afterparty;2022;7.3;/title/tt12614214/?ref_=nm_flmg_t_5_act; USA, California,Monrovia High School - 845 W. Colorado Boulevard  Monrovia;Comedy,Crime,Mystery;English;When a high school reunion's afterparty ends in a death, everyone is a suspect. A detective grills the former classmates one by one, uncovering potential motives as each tells their version of the story - culminating in the shocking truth.;United States
tt6264654;Free Guy;2021;7.1;/title/tt6264654/?ref_=nm_flmg_t_6_act; USA, Massachusetts,Worcester;Action,Adventure,Comedy;English;When Guy, a bank teller, learns that he is a non-player character in a bloodthirsty, open-world video game, he goes on to become the hero of the story and takes the responsibility of saving the world.;United States
tt6733874;America: Le film;2021;5.6;/title/tt6733874/?ref_=nm_flmg_t_7_act;;Animation,Action,Adventure;English;A chainsaw-wielding George Washington teams with beer-loving bro Sam Adams to take down the Brits in a tongue-in-cheek riff on the American Revolution.;Brazil
tt6182908;Yéti & Compagnie;2018;6.6;/title/tt6182908/?ref_=nm_flmg_t_9_act;;Animation,Adventure,Comedy;English;High up on a mountain peak surrounded by clouds, a secret Yeti society lives in peace and harmony. One day, a Yeti witnesses an airplane crash; Inside lies "Smallfoot", a legendary creature that will rock the society to its core.;United States
tt7699354;P!nk: Beautiful Trauma;2017;7.6;/title/tt7699354/?ref_=nm_flmg_t_10_act;;Short,Comedy,Music;English;"Beautiful Trauma" is a song by American singer-songwriter Pink. The song was written by Pink and Jack Antonoff, with production handled by Antonoff. On November 21, 2017, a music video for the song was premiered featuring actor and dancer Channing Tatum. The video features Pink and Tatum as Fred and Ginger Hart. Throughout the video, Pink vacuums, irons a shirt and s... Read all;United States
tt4649466;Kingsman: Le cercle d'or;2017;6.7;/title/tt4649466/?ref_=nm_flmg_t_11_act; Italy, Valle d'Aosta,Courmayeur  Aosta;Action,Adventure,Comedy;English;After the Kingsman's headquarters is destroyed and the world is held hostage, an allied spy organization in the United States is discovered. These two elite secret agencies must band together to defeat a common enemy.;United Kingdom
tt5439796;Logan Lucky;2017;7.0;/title/tt5439796/?ref_=nm_flmg_t_12_act; USA, Georgia,Douglasville;Action,Comedy,Crime;English;Two brothers attempt to pull off a heist during a NASCAR race in North Carolina.;United States
tt5834198;Comrade Detective;2017;7.2;/title/tt5834198/?ref_=nm_flmg_t_13_act; Romania,Bucharest,;Action,Comedy,Crime;English;Parody comedy designed to resemble a non-existent gritty 1980's Cold War Romanian police show that promoted Communist ideals. The action-packed and blood-soaked first season finds Detectives Gregor Anghel and Joseph Baciu investigating the murder of fellow officer Nikita Ionescu and, in the process, unraveling a subversive plot to destroy their country that is fueled ... Read all;United States
tt4116284;Lego Batman, le film;2017;7.3;/title/tt4116284/?ref_=nm_flmg_t_14_act; Australia, New South Wales, Moore Park  Sydney;Animation,Action,Adventure;English;A cooler-than-ever Bruce Wayne must deal with the usual suspects as they plan to rule Gotham City, while discovering that he has accidentally adopted a teenage orphan who wishes to become his sidekick.;United States
tt3532050;Idiotsitter;2016;6.4;/title/tt3532050/?ref_=nm_flmg_t_15_act;;Comedy;English;A straight-and-narrow young woman is hired to babysit a mega-rich woman child who has been left alone in her daddy's mansion under house arrest.;United States
tt14813150;Manodrome;2023;5.4;/title/tt14813150/?ref_=nm_flmg_t_1_act; USA, New York,Syracuse;Drama,Thriller;English;Conflicted about his girlfriend's pregnancy, Ralphie's life spirals out of control when he meets a mysterious family of men.;United Kingdom
tt11527058;Anatomie d'un divorce;2022;7.7;/title/tt11527058/?ref_=nm_flmg_t_2_act; USA, New York,New York City;Drama;English;Toby Fleishman knew what to expect when he and his wife of almost 15 years separated: weekends and every other holiday with the kids, some residual bitterness, and the occasional moment of tension in their co-parenting negotiations.;United States
tt12361974;Zack Snyder's Justice League;2021;7.9;/title/tt12361974/?ref_=nm_flmg_t_3_act; Iceland,Djúpavík,;Action,Adventure,Fantasy;English;Determined to ensure that Superman's ultimate sacrifice wasn't in vain, Bruce Wayne recruits a team of metahumans to protect the world from an approaching threat of catastrophic proportions.;United States
tt11433048;Wild Indian;2021;5.8;/title/tt11433048/?ref_=nm_flmg_t_4_act; USA,Oklahoma,;Crime,Drama,Mystery;English;Two men learn to confront a traumatic secret they share involving the savage murder of a schoolmate.;United States
tt6914122;Résistance;2020;6.5;/title/tt6914122/?ref_=nm_flmg_t_5_act; Czech Republic,Prague,;Biography,Drama,History;English;The story of mime Marcel Marceau as he works with a group of Jewish boy scouts and the French Resistance to save the lives of ten thousand orphans during World War II.;United Kingdom
tt1560220;Retour à Zombieland;2019;6.7;/title/tt1560220/?ref_=nm_flmg_t_6_act; USA, Georgia,Macon;Action,Comedy,Horror;English;Columbus, Tallahassee, Wichita, and Little Rock move to the American heartland as they face off against evolved zombies, fellow survivors, and the growing pains of the snarky makeshift family.;United States
tt8368406;Vivarium;2019;5.9;/title/tt8368406/?ref_=nm_flmg_t_7_act; Ireland, County Wicklow,Ardmore Studios  Bray;Horror,Mystery,Sci-Fi;English;A young couple looking for the perfect home find themselves trapped in a mysterious labyrinth-like neighborhood of identical houses.;Ireland
tt7339248;The Art of Self-Defense;2019;6.6;/title/tt7339248/?ref_=nm_flmg_t_8_act; USA, Kentucky,Louisville;Action,Comedy,Crime;English;After being attacked on the street, a young man enlists at a local dojo, led by a charismatic and mysterious sensei, in an effort to learn how to defend himself from future threats.;United States
tt8710432;Zigosani u reketu;2018;7.9;/title/tt8710432/?ref_=nm_flmg_t_9_act; Serbia,Belgrade,;Comedy,Drama,Romance;Serbian;Two best friends and former basketball players are trying to re-establish their once successful basketball club. "Zigosani u reketu" is a nostalgic and romantic comedy about second chances, and about friendship between a Serb and a Croat.;Serbia
tt6866224;The Hummingbird Project;2018;6.2;/title/tt6866224/?ref_=nm_flmg_t_10_act; USA, New York,New York City;Drama,Thriller;English;A pair of high-frequency traders go up against their old boss in an effort to make millions in a fiber-optic cable deal.;Canada
tt0974015;Justice League;2017;6.1;/title/tt0974015/?ref_=nm_flmg_t_11_act; Iceland, Westfjords,Djúpavík;Action,Adventure,Fantasy;English;Fueled by his restored faith in humanity and inspired by Superman's selfless act, Bruce Wayne enlists the help of his new-found ally, Diana Prince, to face an even greater enemy.;United States
tt6817212;Rio: Match 3 Party;2017;6.4;/title/tt6817212/?ref_=nm_flmg_t_12_act;;;English;An amazing party is happening in Rio at Carnival time. Blu (Jesse Eisenberg) and his friends Nico, Jewel, Tiny, and Pedro are ready to party. Unlock gorgeous Brazilian landscapes and prizes with your favorite characters from the hit Movie Rio.;United States
tt3110958;Insaisissables 2;2016;6.4;/title/tt3110958/?ref_=nm_flmg_t_13_act; China,Macau,;Action,Adventure,Comedy;English;The Four Horsemen resurface, and are forcibly recruited by a tech genius to pull off their most impossible heist yet.;United States
tt4513674;Café Society;2016;6.6;/title/tt4513674/?ref_=nm_flmg_t_14_act; USA, California,Pasadena;Comedy,Drama,Romance;English;In the 1930s, a Bronx native moves to Hollywood and falls in love with a young woman who is seeing a married man.;United States
tt2975590;Batman v Superman: L'Aube de la Justice;2016;6.5;/title/tt2975590/?ref_=nm_flmg_t_15_act; USA, Michigan,Detroit;Action,Adventure,Sci-Fi;English;Batman is manipulated by Lex Luthor to fear Superman. Superman´s existence is meanwhile dividing the world and he is framed for murder during an international crisis. The heroes clash and force the neutral Wonder Woman to reemerge.;United States
